{
  "Digital Fundamentals by Floyd, Thomas L z-lib.org_2.pdf": {
    "last_modified": 1775364440.6751778,
    "chunk_count": 2735,
    "added_at": 1775645104.1794944
  },
  "Digital Logic Design by Brian Holdsworth, Clive Woods z-lib.org.pdf": {
    "last_modified": 1775364175.936856,
    "chunk_count": 1511,
    "added_at": 1775645105.2405527
  },
  "ELEC 12534 Slides 1-8 Full.pdf": {
    "last_modified": 1775627150.7373383,
    "chunk_count": 330,
    "added_at": 1775645105.6270673
  },
  "Electronic Devices.pdf": {
    "last_modified": 1775363476.2687776,
    "chunk_count": 133,
    "added_at": 1775645109.1349604
  },
  "electronic-devices-by-floyd-9th-edition.pdf": {
    "last_modified": 1775363966.4218035,
    "chunk_count": 2561,
    "added_at": 1775645111.66903
  }
}